[
    {
	"desc": "Yui Hirasawa de K-ON!",
	"image": "http://randomwaifu.altervista.org/images/0030.png"
    },
    {
	"desc": "Mea Kurosaki de To Love-Ru",
	"image": "http://randomwaifu.altervista.org/images/0008.png"
    },
    {
	"desc": "Ochaco Uraraka de My Hero Academia",
	"image": "http://randomwaifu.altervista.org/images/0057.png"
    },
    {
	"desc": "Jibril de No Game No Life",
	"image": "http://randomwaifu.altervista.org/images/0056.png"
    },
    {
	"desc": "Tohru de Miss Kobayashi's Dragon Maid",
	"image": "http://randomwaifu.altervista.org/images/0045.png"
    },
    {
	"desc": "Android N21 de Dragon Ball",
	"image": "http://randomwaifu.altervista.org/images/0078.png"
    },
    {
	"desc": "Misaki Okusawa de BanG Dream!",
	"image": "http://randomwaifu.altervista.org/images/0035.png"
    },
    {
	"desc": "Reina Kousaka de Hibike! Euphonium",
	"image": "http://randomwaifu.altervista.org/images/0027.png"
    },
    {
	"desc": "Tohru de Miss Kobayashi's Dragon Maid",
	"image": "http://randomwaifu.altervista.org/images/0045.png"
    },
    {
	"desc": "Azusa Azuki de Hentai oji to warawanai neko",
	"image": "http://randomwaifu.altervista.org/images/0086.png"
    },
    {
	"desc": "Raphtalia de The Rising of the Shield Hero",
	"image": "http://randomwaifu.altervista.org/images/0085.png"
    },
    {
	"desc": "Kurumi Tokisaki de Date a Live!",
	"image": "http://randomwaifu.altervista.org/images/0044.png"
    },
    {
	"desc": "Tsurumaki Kokoro de BanG Dream!",
	"image": "http://randomwaifu.altervista.org/images/0069.png"
    },
    {
	"desc": "Satsuki Kiryuin de Kill la Kill",
	"image": "http://randomwaifu.altervista.org/images/0022.png"
    },
    {
	"desc": "Ruri Gokou de Oreimo",
	"image": "http://randomwaifu.altervista.org/images/0004.png"
    },
    {
	"desc": "Dono de Dono-san chi no doe",
	"image": "http://randomwaifu.altervista.org/images/0015.png"
    },
    {
	"desc": "Reina Kousaka de Hibike! Euphonium",
	"image": "http://randomwaifu.altervista.org/images/0027.png"
    },
    {
	"desc": "Yuri Nakamura de Angel Beats!",
	"image": "http://randomwaifu.altervista.org/images/0050.png"
    },
    {
	"desc": "Uzaki Hana de Uzaki-chan wa Asobitai",
	"image": "http://randomwaifu.altervista.org/images/0013.png"
    },
    {
	"desc": "Shuten Douji de Fate/Grand Order",
	"image": "http://randomwaifu.altervista.org/images/0083.png"
    },
    {
	"desc": "Mirai Kuriyama de Kyoukai no Kanata",
	"image": "http://randomwaifu.altervista.org/images/0025.png"
    },
    {
	"desc": "Kyouko Toshinou de Yuru Yuri!",
	"image": "http://randomwaifu.altervista.org/images/0018.png"
    },
    {
	"desc": "Ochaco Uraraka de My Hero Academia",
	"image": "http://randomwaifu.altervista.org/images/0057.png"
    },
    {
	"desc": "Unknown de Unknown",
	"image": "http://randomwaifu.altervista.org/images/0067.png"
    },
    {
	"desc": "Nadeshiko Kagamihara de Yuru Camp",
	"image": "http://randomwaifu.altervista.org/images/0099.png"
    },
    {
	"desc": "Albedo de Overlord",
	"image": "http://randomwaifu.altervista.org/images/0093.png"
    },
    {
	"desc": "Reina Kousaka de Hibike! Euphonium",
	"image": "http://randomwaifu.altervista.org/images/0027.png"
    },
    {
	"desc": "Sasaki Chiho de Hataraku Maou-sama!",
	"image": "http://randomwaifu.altervista.org/images/0041.png"
    },
    {
	"desc": "Unknown de Unknown",
	"image": "http://randomwaifu.altervista.org/images/0067.png"
    },
    {
	"desc": "Kaori Miyazono de Your Lie in April",
	"image": "http://randomwaifu.altervista.org/images/0097.png"
    },
    {
	"desc": "Shuten Douji de Fate/Grand Order",
	"image": "http://randomwaifu.altervista.org/images/0083.png"
    },
    {
	"desc": "Himari Uehara de BanG Dream!",
	"image": "http://randomwaifu.altervista.org/images/0084.png"
    },
    {
	"desc": "Haruhi Suzumiya de The Melancholy of Haruhi Suzumiya",
	"image": "http://randomwaifu.altervista.org/images/0006.png"
    },
    {
	"desc": "Misaki Okusawa de BanG Dream!",
	"image": "http://randomwaifu.altervista.org/images/0035.png"
    },
    {
	"desc": "Azusa Miura de The Idolmaster",
	"image": "http://randomwaifu.altervista.org/images/0036.png"
    },
    {
	"desc": "Manami Tamura de Oreimo",
	"image": "http://randomwaifu.altervista.org/images/0059.png"
    },
    {
	"desc": "Yoshiko Tsushima de Love Live! Sunshine",
	"image": "http://randomwaifu.altervista.org/images/0087.png"
    },
    {
	"desc": "Francesca Lucchini de Strike Witches",
	"image": "http://randomwaifu.altervista.org/images/0061.png"
    },
    {
	"desc": "Rikka Takarada de SSSS. Gridman",
	"image": "http://randomwaifu.altervista.org/images/0071.png"
    },
    {
	"desc": "Ran Mitake de BanG Dream!",
	"image": "http://randomwaifu.altervista.org/images/0066.png"
    },
    {
	"desc": "Himiko Toga de My Hero Academia",
	"image": "http://randomwaifu.altervista.org/images/0009.png"
    },
    {
	"desc": "Karen Aijo de Shoujo-Kageki Revue Starlight",
	"image": "http://randomwaifu.altervista.org/images/0075.png"
    },
    {
	"desc": "Uzaki Hana de Uzaki-chan wa Asobitai",
	"image": "http://randomwaifu.altervista.org/images/0013.png"
    },
    {
	"desc": "Ako Udagawa de BanG Dream!",
	"image": "http://randomwaifu.altervista.org/images/0095.png"
    },
    {
	"desc": "Sasaki Chiho de Hataraku Maou-sama!",
	"image": "http://randomwaifu.altervista.org/images/0041.png"
    },
    {
	"desc": "Rimi Ushigome de BanG Dream!",
	"image": "http://randomwaifu.altervista.org/images/0052.png"
    },
    {
	"desc": "Kirino Kousaka de Oreimo",
	"image": "http://randomwaifu.altervista.org/images/0048.png"
    },
    {
	"desc": "Lilliluka Arde de DanMachi",
	"image": "http://randomwaifu.altervista.org/images/0026.png"
    },
    {
	"desc": "Princess King Boo de Internet",
	"image": "http://randomwaifu.altervista.org/images/0082.png"
    },
    {
	"desc": "Elizabeth Lyonesse de The Seven Deadly Sins",
	"image": "http://randomwaifu.altervista.org/images/0079.png"
    },
    {
	"desc": "Albedo de Overlord",
	"image": "http://randomwaifu.altervista.org/images/0093.png"
    },
    {
	"desc": "Nadeshiko Kagamihara de Yuru Camp",
	"image": "http://randomwaifu.altervista.org/images/0099.png"
    },
    {
	"desc": "Lilliluka Arde de DanMachi",
	"image": "http://randomwaifu.altervista.org/images/0026.png"
    },
    {
	"desc": "Madoka Kaname de Puella Magi Madoka Magica",
	"image": "http://randomwaifu.altervista.org/images/0032.png"
    },
    {
	"desc": "Nano Shinonome de Nichijou",
	"image": "http://randomwaifu.altervista.org/images/0011.png"
    },
    {
	"desc": "Uzaki Hana de Uzaki-chan wa Asobitai",
	"image": "http://randomwaifu.altervista.org/images/0013.png"
    },
    {
	"desc": "Nadeko Sengoku de Monogatari Series",
	"image": "http://randomwaifu.altervista.org/images/0017.png"
    },
    {
	"desc": "Illyasviel von Einzbern de Fate/Stay Night",
	"image": "http://randomwaifu.altervista.org/images/0012.png"
    },
    {
	"desc": "Shuten Douji de Fate/Grand Order",
	"image": "http://randomwaifu.altervista.org/images/0083.png"
    },
    {
	"desc": "Elizabeth Lyonesse de The Seven Deadly Sins",
	"image": "http://randomwaifu.altervista.org/images/0079.png"
    },
    {
	"desc": "Shinobu Oshino de Monogatari Series",
	"image": "http://randomwaifu.altervista.org/images/0010.png"
    },
    {
	"desc": "Madoka Kaname de Puella Magi Madoka Magica",
	"image": "http://randomwaifu.altervista.org/images/0032.png"
    },
    {
	"desc": "Tohru de Miss Kobayashi's Dragon Maid",
	"image": "http://randomwaifu.altervista.org/images/0045.png"
    },
    {
	"desc": "Tobiichi Origami de Date a Live!",
	"image": "http://randomwaifu.altervista.org/images/0043.png"
    },
    {
	"desc": "Sasaki Chiho de Hataraku Maou-sama!",
	"image": "http://randomwaifu.altervista.org/images/0041.png"
    },
    {
	"desc": "Mai Sakurajima de Seishun buta yar?",
	"image": "http://randomwaifu.altervista.org/images/0063.png"
    },
    {
	"desc": "Nadeko Sengoku de Monogatari Series",
	"image": "http://randomwaifu.altervista.org/images/0017.png"
    },
    {
	"desc": "Ai-chan de Getsuyoubi no Tawawa",
	"image": "http://randomwaifu.altervista.org/images/0096.png"
    },
    {
	"desc": "Kirino Kousaka de Oreimo",
	"image": "http://randomwaifu.altervista.org/images/0048.png"
    },
    {
	"desc": "Mea Kurosaki de To Love-Ru",
	"image": "http://randomwaifu.altervista.org/images/0008.png"
    },
    {
	"desc": "Nadeshiko Kagamihara de Yuru Camp",
	"image": "http://randomwaifu.altervista.org/images/0099.png"
    },
    {
	"desc": "Lily Hoshikawa de Zombieland Saga",
	"image": "http://randomwaifu.altervista.org/images/0064.png"
    },
    {
	"desc": "Unknown de Unknown",
	"image": "http://randomwaifu.altervista.org/images/0089.png"
    },
    {
	"desc": "Makoto Kikuchi de The Idolmaster",
	"image": "http://randomwaifu.altervista.org/images/0034.png"
    },
    {
	"desc": "Ruri Gokou de Oreimo",
	"image": "http://randomwaifu.altervista.org/images/0004.png"
    },
    {
	"desc": "Rikka Takanashi de Chuunibyou Demo Koi Ga Shitai!",
	"image": "http://randomwaifu.altervista.org/images/0049.png"
    },
    {
	"desc": "Ako Udagawa de BanG Dream!",
	"image": "http://randomwaifu.altervista.org/images/0095.png"
    },
    {
	"desc": "Kurumi Tokisaki de Date a Live!",
	"image": "http://randomwaifu.altervista.org/images/0044.png"
    },
    {
	"desc": "Kurisu Makise de Steins;Gate",
	"image": "http://randomwaifu.altervista.org/images/0005.png"
    },
    {
	"desc": "Mirai Kuriyama de Kyoukai no Kanata",
	"image": "http://randomwaifu.altervista.org/images/0025.png"
    },
    {
	"desc": "Sarashiki Tatenashi de Infinite Stratos",
	"image": "http://randomwaifu.altervista.org/images/0040.png"
    },
    {
	"desc": "Yukiho Hagiwara de The Idolmaster",
	"image": "http://randomwaifu.altervista.org/images/0031.png"
    },
    {
	"desc": "Ako Udagawa de BanG Dream!",
	"image": "http://randomwaifu.altervista.org/images/0095.png"
    },
    {
	"desc": "Android N18 de Dragon Ball",
	"image": "http://randomwaifu.altervista.org/images/0094.png"
    },
    {
	"desc": "Yoko Littner de Tengen Toppa Gurren Lagann",
	"image": "http://randomwaifu.altervista.org/images/0046.png"
    },
    {
	"desc": "Ako Udagawa de BanG Dream!",
	"image": "http://randomwaifu.altervista.org/images/0095.png"
    },
    {
	"desc": "Satsuki Kiryuin de Kill la Kill",
	"image": "http://randomwaifu.altervista.org/images/0022.png"
    },
    {
	"desc": "Shuchi de Shuchi no ryouko",
	"image": "http://randomwaifu.altervista.org/images/0016.png"
    },
    {
	"desc": "Illyasviel von Einzbern de Fate/Stay Night",
	"image": "http://randomwaifu.altervista.org/images/0012.png"
    },
    {
	"desc": "Ranko Kanzaki de The Idolmaster",
	"image": "http://randomwaifu.altervista.org/images/0088.png"
    },
    {
	"desc": "Eru Chitanda de Hyouka",
	"image": "http://randomwaifu.altervista.org/images/0054.png"
    },
    {
	"desc": "Chitoge Kirisaki de Nisekoi",
	"image": "http://randomwaifu.altervista.org/images/0020.png"
    },
    {
	"desc": "Ai-chan de Getsuyoubi no Tawawa",
	"image": "http://randomwaifu.altervista.org/images/0096.png"
    },
    {
	"desc": "Satsuki Kiryuin de Kill la Kill",
	"image": "http://randomwaifu.altervista.org/images/0022.png"
    },
    {
	"desc": "Ochaco Uraraka de My Hero Academia",
	"image": "http://randomwaifu.altervista.org/images/0057.png"
    },
    {
	"desc": "Unknown de Unknown",
	"image": "http://randomwaifu.altervista.org/images/0067.png"
    },
    {
	"desc": "Azusa Azuki de Hentai oji to warawanai neko",
	"image": "http://randomwaifu.altervista.org/images/0086.png"
    },
    {
	"desc": "Satsuki Kiryuin de Kill la Kill",
	"image": "http://randomwaifu.altervista.org/images/0022.png"
    },
    {
	"desc": "Kurumi Tokisaki de Date a Live!",
	"image": "http://randomwaifu.altervista.org/images/0044.png"
    },
    {
	"desc": "Isuzu Sento de Amagi Brilliant Park",
	"image": "http://randomwaifu.altervista.org/images/0023.png"
    },
    {
	"desc": "Yuri Nakamura de Angel Beats!",
	"image": "http://randomwaifu.altervista.org/images/0050.png"
    },
    {
	"desc": "Moca Aoba de BanG Dream!",
	"image": "http://randomwaifu.altervista.org/images/0068.png"
    },
    {
	"desc": "Mea Kurosaki de To Love-Ru",
	"image": "http://randomwaifu.altervista.org/images/0008.png"
    },
    {
	"desc": "Mikoto Misaka de A Certain Magical Index",
	"image": "http://randomwaifu.altervista.org/images/0047.png"
    },
    {
	"desc": "Aqua de Konosuba",
	"image": "http://randomwaifu.altervista.org/images/0098.png"
    },
    {
	"desc": "Manami Tamura de Oreimo",
	"image": "http://randomwaifu.altervista.org/images/0059.png"
    },
    {
	"desc": "Misaki Okusawa de BanG Dream!",
	"image": "http://randomwaifu.altervista.org/images/0035.png"
    },
    {
	"desc": "Dono de Dono-san chi no doe",
	"image": "http://randomwaifu.altervista.org/images/0015.png"
    },
    {
	"desc": "Rimi Ushigome de BanG Dream!",
	"image": "http://randomwaifu.altervista.org/images/0052.png"
    },
    {
	"desc": "Tamaki Ako de Netoge no yome wa onna no ko janai to omotta?",
	"image": "http://randomwaifu.altervista.org/images/0092.png"
    },
    {
	"desc": "Kanade Tachibana de Angel Beats!",
	"image": "http://randomwaifu.altervista.org/images/0058.png"
    },
    {
	"desc": "Ako Udagawa de BanG Dream!",
	"image": "http://randomwaifu.altervista.org/images/0095.png"
    },
    {
	"desc": "Satsuki Kiryuin de Kill la Kill",
	"image": "http://randomwaifu.altervista.org/images/0022.png"
    },
    {
	"desc": "Ochaco Uraraka de My Hero Academia",
	"image": "http://randomwaifu.altervista.org/images/0057.png"
    },
    {
	"desc": "Misaki Okusawa de BanG Dream!",
	"image": "http://randomwaifu.altervista.org/images/0035.png"
    },
    {
	"desc": "Kurisu Makise de Steins;Gate",
	"image": "http://randomwaifu.altervista.org/images/0005.png"
    },
    {
	"desc": "Tsurumaki Kokoro de BanG Dream!",
	"image": "http://randomwaifu.altervista.org/images/0069.png"
    },
    {
	"desc": "RO500 de Kantai Collection",
	"image": "http://randomwaifu.altervista.org/images/0072.png"
    },
    {
	"desc": "Lilliluka Arde de DanMachi",
	"image": "http://randomwaifu.altervista.org/images/0026.png"
    },
    {
	"desc": "Unknown de Unknown",
	"image": "http://randomwaifu.altervista.org/images/0067.png"
    },
    {
	"desc": "Princess King Boo de Internet",
	"image": "http://randomwaifu.altervista.org/images/0082.png"
    },
    {
	"desc": "Illyasviel von Einzbern de Fate/Stay Night",
	"image": "http://randomwaifu.altervista.org/images/0012.png"
    },
    {
	"desc": "Kurisu Makise de Steins;Gate",
	"image": "http://randomwaifu.altervista.org/images/0005.png"
    },
    {
	"desc": "Saber Alter de Fate/Stay Night",
	"image": "http://randomwaifu.altervista.org/images/0076.png"
    },
    {
	"desc": "Himiko Toga de My Hero Academia",
	"image": "http://randomwaifu.altervista.org/images/0009.png"
    },
    {
	"desc": "Tsubasa Hanekawa de Monogatari Series",
	"image": "http://randomwaifu.altervista.org/images/0055.png"
    },
    {
	"desc": "Saber de Fate/Stay Night",
	"image": "http://randomwaifu.altervista.org/images/0077.png"
    },
    {
	"desc": "Chitoge Kirisaki de Nisekoi",
	"image": "http://randomwaifu.altervista.org/images/0020.png"
    },
    {
	"desc": "Mikoto Misaka de A Certain Magical Index",
	"image": "http://randomwaifu.altervista.org/images/0047.png"
    },
    {
	"desc": "Zero Two de Darling in the Franxx",
	"image": "http://randomwaifu.altervista.org/images/0081.png"
    },
    {
	"desc": "Saori Makishima de Oreimo",
	"image": "http://randomwaifu.altervista.org/images/0037.png"
    },
    {
	"desc": "Azusa Miura de The Idolmaster",
	"image": "http://randomwaifu.altervista.org/images/0036.png"
    },
    {
	"desc": "Eru Chitanda de Hyouka",
	"image": "http://randomwaifu.altervista.org/images/0054.png"
    },
    {
	"desc": "Kyouko Toshinou de Yuru Yuri!",
	"image": "http://randomwaifu.altervista.org/images/0018.png"
    },
    {
	"desc": "Unknown de Unknown",
	"image": "http://randomwaifu.altervista.org/images/0051.png"
    },
    {
	"desc": "Lilliluka Arde de DanMachi",
	"image": "http://randomwaifu.altervista.org/images/0026.png"
    },
    {
	"desc": "Mirai Kuriyama de Kyoukai no Kanata",
	"image": "http://randomwaifu.altervista.org/images/0025.png"
    },
    {
	"desc": "Tamaki Ako de Netoge no yome wa onna no ko janai to omotta?",
	"image": "http://randomwaifu.altervista.org/images/0092.png"
    },
    {
	"desc": "Sarashiki Tatenashi de Infinite Stratos",
	"image": "http://randomwaifu.altervista.org/images/0040.png"
    },
    {
	"desc": "Himari Uehara de BanG Dream!",
	"image": "http://randomwaifu.altervista.org/images/0084.png"
    },
    {
	"desc": "Revy de Black Lagoon",
	"image": "http://randomwaifu.altervista.org/images/0062.png"
    },
    {
	"desc": "Android N18 de Dragon Ball",
	"image": "http://randomwaifu.altervista.org/images/0094.png"
    },
    {
	"desc": "Ai-chan de Getsuyoubi no Tawawa",
	"image": "http://randomwaifu.altervista.org/images/0096.png"
    },
    {
	"desc": "Android N21 de Dragon Ball",
	"image": "http://randomwaifu.altervista.org/images/0078.png"
    },
    {
	"desc": "Unknown de Unknown",
	"image": "http://randomwaifu.altervista.org/images/0090.png"
    },
    {
	"desc": "Revy de Black Lagoon",
	"image": "http://randomwaifu.altervista.org/images/0062.png"
    },
    {
	"desc": "Himiko Toga de My Hero Academia",
	"image": "http://randomwaifu.altervista.org/images/0009.png"
    },
    {
	"desc": "Marisa Kirisame de Touhou Project",
	"image": "http://randomwaifu.altervista.org/images/0065.png"
    },
    {
	"desc": "Nadeshiko Kagamihara de Yuru Camp",
	"image": "http://randomwaifu.altervista.org/images/0099.png"
    },
    {
	"desc": "Yuno Gasai de Mirai Nikki",
	"image": "http://randomwaifu.altervista.org/images/0019.png"
    },
    {
	"desc": "Abigail Williams de Fate/Grand Order",
	"image": "http://randomwaifu.altervista.org/images/0074.png"
    },
    {
	"desc": "Nadeshiko Kagamihara de Yuru Camp",
	"image": "http://randomwaifu.altervista.org/images/0099.png"
    },
    {
	"desc": "RO500 de Kantai Collection",
	"image": "http://randomwaifu.altervista.org/images/0072.png"
    },
    {
	"desc": "Ran Mitake de BanG Dream!",
	"image": "http://randomwaifu.altervista.org/images/0066.png"
    },
    {
	"desc": "Rei Ayanami de Neon Genesis Evangelion",
	"image": "http://randomwaifu.altervista.org/images/0003.png"
    },
    {
	"desc": "Shinobu Oshino de Monogatari Series",
	"image": "http://randomwaifu.altervista.org/images/0010.png"
    },
    {
	"desc": "Lisa Imai de BanG Dream!",
	"image": "http://randomwaifu.altervista.org/images/0038.png"
    },
    {
	"desc": "Manami Tamura de Oreimo",
	"image": "http://randomwaifu.altervista.org/images/0059.png"
    },
    {
	"desc": "Gertrud Barkhorn de Strike Witches",
	"image": "http://randomwaifu.altervista.org/images/0060.png"
    },
    {
	"desc": "Madoka Kaname de Puella Magi Madoka Magica",
	"image": "http://randomwaifu.altervista.org/images/0032.png"
    },
    {
	"desc": "Unknown de Unknown",
	"image": "http://randomwaifu.altervista.org/images/0067.png"
    },
    {
	"desc": "Abigail Williams de Fate/Grand Order",
	"image": "http://randomwaifu.altervista.org/images/0074.png"
    },
    {
	"desc": "Shinobu Oshino de Monogatari Series",
	"image": "http://randomwaifu.altervista.org/images/0010.png"
    },
    {
	"desc": "Manami Tamura de Oreimo",
	"image": "http://randomwaifu.altervista.org/images/0059.png"
    },
    {
	"desc": "Abigail Williams de Fate/Grand Order",
	"image": "http://randomwaifu.altervista.org/images/0074.png"
    },
    {
	"desc": "Saori Makishima de Oreimo",
	"image": "http://randomwaifu.altervista.org/images/0037.png"
    },
    {
	"desc": "Isuzu Sento de Amagi Brilliant Park",
	"image": "http://randomwaifu.altervista.org/images/0023.png"
    },
    {
	"desc": "Misaki Okusawa de BanG Dream!",
	"image": "http://randomwaifu.altervista.org/images/0035.png"
    },
    {
	"desc": "Elizabeth Lyonesse de The Seven Deadly Sins",
	"image": "http://randomwaifu.altervista.org/images/0079.png"
    },
    {
	"desc": "Ranko Kanzaki de The Idolmaster",
	"image": "http://randomwaifu.altervista.org/images/0088.png"
    },
    {
	"desc": "Rei Ayanami de Neon Genesis Evangelion",
	"image": "http://randomwaifu.altervista.org/images/0003.png"
    },
    {
	"desc": "Rei Ayanami de Neon Genesis Evangelion",
	"image": "http://randomwaifu.altervista.org/images/0003.png"
    },
    {
	"desc": "Mai Sakurajima de Seishun buta yar?",
	"image": "http://randomwaifu.altervista.org/images/0063.png"
    },
    {
	"desc": "Aqua de Konosuba",
	"image": "http://randomwaifu.altervista.org/images/0098.png"
    },
    {
	"desc": "Chitoge Kirisaki de Nisekoi",
	"image": "http://randomwaifu.altervista.org/images/0020.png"
    },
    {
	"desc": "Dono de Dono-san chi no doe",
	"image": "http://randomwaifu.altervista.org/images/0015.png"
    },
    {
	"desc": "Satsuki Kiryuin de Kill la Kill",
	"image": "http://randomwaifu.altervista.org/images/0022.png"
    },
    {
	"desc": "Ran Mitake de BanG Dream!",
	"image": "http://randomwaifu.altervista.org/images/0066.png"
    },
    {
	"desc": "Inori Yuzuriha de Guilty Crown",
	"image": "http://randomwaifu.altervista.org/images/0029.png"
    },
    {
	"desc": "Tomoe Udagawa de BanG Dream!",
	"image": "http://randomwaifu.altervista.org/images/0039.png"
    },
    {
	"desc": "Dono de Dono-san chi no doe",
	"image": "http://randomwaifu.altervista.org/images/0015.png"
    },
    {
	"desc": "Aqua de Konosuba",
	"image": "http://randomwaifu.altervista.org/images/0098.png"
    },
    {
	"desc": "Makoto Kikuchi de The Idolmaster",
	"image": "http://randomwaifu.altervista.org/images/0034.png"
    },
    {
	"desc": "Holo de Spice and Wolf",
	"image": "http://randomwaifu.altervista.org/images/0007.png"
    },
    {
	"desc": "Unknown de Unknown",
	"image": "http://randomwaifu.altervista.org/images/0053.png"
    },
    {
	"desc": "Yuno Gasai de Mirai Nikki",
	"image": "http://randomwaifu.altervista.org/images/0019.png"
    },
    {
	"desc": "Rin Shibuya  de The Idolmaster",
	"image": "http://randomwaifu.altervista.org/images/0042.png"
    },
    {
	"desc": "Jibril de No Game No Life",
	"image": "http://randomwaifu.altervista.org/images/0056.png"
    },
    {
	"desc": "Satsuki Kiryuin de Kill la Kill",
	"image": "http://randomwaifu.altervista.org/images/0022.png"
    },
    {
	"desc": "Himiko Toga de My Hero Academia",
	"image": "http://randomwaifu.altervista.org/images/0009.png"
    },
    {
	"desc": "Tamaki Ako de Netoge no yome wa onna no ko janai to omotta?",
	"image": "http://randomwaifu.altervista.org/images/0092.png"
    },
    {
	"desc": "Yuno Gasai de Mirai Nikki",
	"image": "http://randomwaifu.altervista.org/images/0019.png"
    },
    {
	"desc": "Lisa Imai de BanG Dream!",
	"image": "http://randomwaifu.altervista.org/images/0038.png"
    },
    {
	"desc": "Tomoe Udagawa de BanG Dream!",
	"image": "http://randomwaifu.altervista.org/images/0039.png"
    },
    {
	"desc": "Sakura Kinomoto de Card Captor Sakura",
	"image": "http://randomwaifu.altervista.org/images/0070.png"
    },
    {
	"desc": "Haruhi Suzumiya de The Melancholy of Haruhi Suzumiya",
	"image": "http://randomwaifu.altervista.org/images/0006.png"
    },
    {
	"desc": "Azusa Azuki de Hentai oji to warawanai neko",
	"image": "http://randomwaifu.altervista.org/images/0086.png"
    },
    {
	"desc": "Ochaco Uraraka de My Hero Academia",
	"image": "http://randomwaifu.altervista.org/images/0057.png"
    },
    {
	"desc": "Yui Hirasawa de K-ON!",
	"image": "http://randomwaifu.altervista.org/images/0030.png"
    },
    {
	"desc": "Yuri Nakamura de Angel Beats!",
	"image": "http://randomwaifu.altervista.org/images/0050.png"
    }
]
